t,phi
0.000000000000000000e+00,1.000000000000000000e+00
1.000000000000000021e-02,9.216062204633848065e-01
2.000000000000000042e-02,8.489137852951246233e-01
2.999999999999999889e-02,7.811493371569098176e-01
4.000000000000000083e-02,7.176869268551653303e-01
5.000000000000000278e-02,6.580127779988155234e-01
6.000000000000000472e-02,6.016999886242967444e-01
7.000000000000000666e-02,5.483899857087296548e-01
8.000000000000000167e-02,4.977786787002793090e-01
8.999999999999999667e-02,4.496059519601935950e-01
9.999999999999999167e-02,4.036475742394102784e-01
1.099999999999999867e-01,3.597088872478294563e-01
1.199999999999999817e-01,3.176198235633995726e-01
1.299999999999999767e-01,2.772309314292130122e-01
1.399999999999999856e-01,2.384101717036813395e-01
1.499999999999999944e-01,2.010403136922903344e-01
1.600000000000000033e-01,1.650168003213371426e-01
1.700000000000000122e-01,1.302459846694623558e-01
1.800000000000000211e-01,9.664366293792378548e-02
1.900000000000000300e-01,6.413384600195405627e-02
2.000000000000000389e-01,3.264772444602410950e-02
2.100000000000000477e-01,2.122791627953552612e-03
2.200000000000000566e-01,-2.749790332747656038e-02
2.300000000000000655e-01,-5.626639504302020922e-02
2.400000000000000744e-01,-8.423035195480672865e-02
2.500000000000000555e-01,-1.114335515352522787e-01
2.600000000000000644e-01,-1.379162925699277675e-01
2.700000000000000733e-01,-1.637157542358020079e-01
2.800000000000000822e-01,-1.888663100115018090e-01
2.900000000000000910e-01,-2.133998030705533955e-01
3.000000000000000999e-01,-2.373457886933090233e-01
3.100000000000001088e-01,-2.607317483267384550e-01
3.200000000000001177e-01,-2.835832791805288911e-01
3.300000000000001266e-01,-3.059242626396405651e-01
3.400000000000001354e-01,-3.277770142715499824e-01
3.500000000000001443e-01,-3.491624177903955850e-01
3.600000000000001532e-01,-3.701000449939300663e-01
3.700000000000001621e-01,-3.906082633997071674e-01
3.800000000000001710e-01,-4.107043330640082757e-01
3.900000000000001799e-01,-4.304044938623858840e-01
4.000000000000001887e-01,-4.497240443377095720e-01
4.100000000000001976e-01,-4.686774130748442846e-01
4.200000000000002065e-01,-4.872782234361800469e-01
4.300000000000002154e-01,-5.055393523855725713e-01
4.400000000000002243e-01,-5.234729840369017895e-01
4.500000000000002331e-01,-5.410906584849803913e-01
4.600000000000002420e-01,-5.584033164089412526e-01
4.700000000000002509e-01,-5.754213398798339041e-01
4.800000000000002598e-01,-5.921545897535830383e-01
4.900000000000002687e-01,-6.086124399865430190e-01
5.000000000000002220e-01,-6.248038091726537679e-01
5.100000000000002309e-01,-6.407371895678503071e-01
5.200000000000002398e-01,-6.564206738382075690e-01
5.300000000000002487e-01,-6.718619797427387574e-01
5.400000000000002576e-01,-6.870684729393100598e-01
5.500000000000002665e-01,-7.020471880823713207e-01
5.600000000000002753e-01,-7.168048483637736723e-01
5.700000000000002842e-01,-7.313478836325416621e-01
5.800000000000002931e-01,-7.456824472158339878e-01
5.900000000000003020e-01,-7.598144315512335156e-01
6.000000000000003109e-01,-7.737494827297612954e-01
6.100000000000003197e-01,-7.874930140394462708e-01
6.200000000000003286e-01,-8.010502185907575345e-01
6.300000000000003375e-01,-8.144260810975906262e-01
6.400000000000003464e-01,-8.276253888806901493e-01
6.500000000000003553e-01,-8.406527421542930867e-01
6.600000000000003642e-01,-8.535125636513020142e-01
6.700000000000003730e-01,-8.662091076373840126e-01
6.800000000000003819e-01,-8.787464683599655046e-01
6.900000000000003908e-01,-8.911285879741104310e-01
7.000000000000003997e-01,-9.033592639836728333e-01
7.100000000000004086e-01,-9.154421562328675099e-01
7.200000000000004174e-01,-9.273807934804662034e-01
7.300000000000004263e-01,-9.391785795861652408e-01
7.400000000000004352e-01,-9.508387993362605872e-01
7.500000000000004441e-01,-9.623646239335742480e-01
7.600000000000004530e-01,-9.737591161745894341e-01
7.700000000000004619e-01,-9.850252353349377987e-01
7.800000000000004707e-01,-9.961658417827362610e-01
7.900000000000004796e-01,-1.007183701337765136e+00
8.000000000000004885e-01,-1.018081489393106054e+00
8.100000000000004974e-01,-1.028861794814607933e+00
8.200000000000005063e-01,-1.039527123632395744e+00
8.300000000000005151e-01,-1.050079902537591980e+00
8.400000000000005240e-01,-1.060522482196456506e+00
8.500000000000005329e-01,-1.070857140393264517e+00
8.600000000000005418e-01,-1.081086085012437081e+00
8.700000000000005507e-01,-1.091211456869688234e+00
8.800000000000005596e-01,-1.101235332401270917e+00
8.900000000000005684e-01,-1.111159726219770993e+00
9.000000000000005773e-01,-1.120986593544320398e+00
9.100000000000005862e-01,-1.130717832512558640e+00
9.200000000000005951e-01,-1.140355286381184108e+00
9.300000000000006040e-01,-1.149900745621474041e+00
9.400000000000006128e-01,-1.159355949915733763e+00
9.500000000000006217e-01,-1.168722590060240929e+00
9.600000000000006306e-01,-1.178002309779894397e+00
9.700000000000006395e-01,-1.187196707459435396e+00
9.800000000000006484e-01,-1.196307337795804226e+00
9.900000000000006573e-01,-1.205335713375903506e+00
1.000000000000000666e+00,-1.214283306183773226e+00
1.010000000000000675e+00,-1.223151549040933705e+00
1.020000000000000684e+00,-1.231941836983420968e+00
1.030000000000000693e+00,-1.240655528578825217e+00
1.040000000000000702e+00,-1.249293947186441267e+00
1.050000000000000711e+00,-1.257858382163455913e+00
1.060000000000000719e+00,-1.266350090019920049e+00
1.070000000000000728e+00,-1.274770295525093244e+00
1.080000000000000737e+00,-1.283120192767599255e+00
1.090000000000000746e+00,-1.291400946171684216e+00
1.100000000000000755e+00,-1.299613691471743104e+00
1.110000000000000764e+00,-1.307759536647153276e+00
1.120000000000000773e+00,-1.315839562819339337e+00
1.130000000000000782e+00,-1.323854825112886102e+00
1.140000000000000790e+00,-1.331806353482414940e+00
1.150000000000000799e+00,-1.339695153506843761e+00
1.160000000000000808e+00,-1.347522207152562768e+00
1.170000000000000817e+00,-1.355288473506973901e+00
1.180000000000000826e+00,-1.362994889483765348e+00
1.190000000000000835e+00,-1.370642370501217178e+00
1.200000000000000844e+00,-1.378231811134766671e+00
1.210000000000000853e+00,-1.385764085744996432e+00
1.220000000000000862e+00,-1.393240049082147936e+00
1.230000000000000870e+00,-1.400660536868205464e+00
1.240000000000000879e+00,-1.408026366357542081e+00
1.250000000000000888e+00,-1.415338336877068226e+00
1.260000000000000897e+00,-1.422597230346774655e+00
1.270000000000000906e+00,-1.429803811781519496e+00
1.280000000000000915e+00,-1.436958829774862334e+00
1.290000000000000924e+00,-1.444063016965712265e+00
1.300000000000000933e+00,-1.451117090488516226e+00
1.310000000000000941e+00,-1.458121752407681049e+00
1.320000000000000950e+00,-1.465077690136884492e+00
1.330000000000000959e+00,-1.471985576843904964e+00
1.340000000000000968e+00,-1.478846071841562804e+00
1.350000000000000977e+00,-1.485659820965343547e+00
1.360000000000000986e+00,-1.492427456938241859e+00
1.370000000000000995e+00,-1.499149599723343274e+00
1.380000000000001004e+00,-1.505826856864634467e+00
1.390000000000001013e+00,-1.512459823816509896e+00
1.400000000000001021e+00,-1.519049084262421800e+00
1.410000000000001030e+00,-1.525595210423101866e+00
1.420000000000001039e+00,-1.532098763354758697e+00
1.430000000000001048e+00,-1.538560293237641208e+00
1.440000000000001057e+00,-1.544980339655339652e+00
1.450000000000001066e+00,-1.551359431865177330e+00
1.460000000000001075e+00,-1.557698089060033153e+00
1.470000000000001084e+00,-1.563996820621917694e+00
1.480000000000001092e+00,-1.570256126367613358e+00
1.490000000000001101e+00,-1.576476496786674453e+00
1.500000000000001110e+00,-1.582658413272071352e+00
1.510000000000001119e+00,-1.588802348343747672e+00
1.520000000000001128e+00,-1.594908765865353351e+00
1.530000000000001137e+00,-1.600978121254399644e+00
1.540000000000001146e+00,-1.607010861686074765e+00
1.550000000000001155e+00,-1.613007426290949287e+00
1.560000000000001164e+00,-1.618968246346788264e+00
1.570000000000001172e+00,-1.624893745464680350e+00
1.580000000000001181e+00,-1.630784339769685287e+00
1.590000000000001190e+00,-1.636640438076191861e+00
1.600000000000001199e+00,-1.642462442058170380e+00
1.610000000000001208e+00,-1.648250746414498646e+00
1.620000000000001217e+00,-1.654005739029529964e+00
1.630000000000001226e+00,-1.659727801129067482e+00
1.640000000000001235e+00,-1.665417307431900973e+00
1.650000000000001243e+00,-1.671074626297058163e+00
1.660000000000001252e+00,-1.676700119866912475e+00
1.670000000000001261e+00,-1.682294144206289976e+00
1.680000000000001270e+00,-1.687857049437705426e+00
1.690000000000001279e+00,-1.693389179872858197e+00
1.700000000000001288e+00,-1.698890874140511320e+00
1.710000000000001297e+00,-1.704362465310871100e+00
1.720000000000001306e+00,-1.709804281016583216e+00
1.730000000000001315e+00,-1.715216643570453892e+00
1.740000000000001323e+00,-1.720599870080002702e+00
1.750000000000001332e+00,-1.725954272558948732e+00
1.760000000000001341e+00,-1.731280158035727101e+00
1.770000000000001350e+00,-1.736577828659131573e+00
1.780000000000001359e+00,-1.741847581801174050e+00
1.790000000000001368e+00,-1.747089710157246900e+00
1.800000000000001377e+00,-1.752304501843674922e+00
1.810000000000001386e+00,-1.757492240492735558e+00
1.820000000000001394e+00,-1.762653205345227958e+00
1.830000000000001403e+00,-1.767787671340665723e+00
1.840000000000001412e+00,-1.772895909205165488e+00
1.850000000000001421e+00,-1.777978185537101741e+00
1.860000000000001430e+00,-1.783034762890597369e+00
1.870000000000001439e+00,-1.788065899856912333e+00
1.880000000000001448e+00,-1.793071851143796192e+00
1.890000000000001457e+00,-1.798052867652864650e+00
1.900000000000001465e+00,-1.803009196555056981e+00
1.910000000000001474e+00,-1.807941081364234481e+00
1.920000000000001483e+00,-1.812848762008971715e+00
1.930000000000001492e+00,-1.817732474902595374e+00
1.940000000000001501e+00,-1.822592453011520730e+00
1.950000000000001510e+00,-1.827428925921935843e+00
1.960000000000001519e+00,-1.832242119904880839e+00
1.970000000000001528e+00,-1.837032257979768435e+00
1.980000000000001537e+00,-1.841799559976390332e+00
1.990000000000001545e+00,-1.846544242595452578e+00
2.000000000000001332e+00,-1.851266519467682059e+00
2.010000000000001119e+00,-1.855966601211542777e+00
2.020000000000000906e+00,-1.860644695489603873e+00
2.030000000000000693e+00,-1.865301007063593142e+00
2.040000000000000480e+00,-1.869935737848176904e+00
2.050000000000000266e+00,-1.874549086963497979e+00
2.060000000000000053e+00,-1.879141250786507289e+00
2.069999999999999840e+00,-1.883712423001123293e+00
2.079999999999999627e+00,-1.888262794647248999e+00
2.089999999999999414e+00,-1.892792554168679642e+00
2.099999999999999201e+00,-1.897301887459929670e+00
2.109999999999998987e+00,-1.901790977912009017e+00
2.119999999999998774e+00,-1.906260006457176193e+00
2.129999999999998561e+00,-1.910709151612695944e+00
2.139999999999998348e+00,-1.915138589523627921e+00
2.149999999999998135e+00,-1.919548494004671868e+00
2.159999999999997922e+00,-1.923939036581093553e+00
2.169999999999997708e+00,-1.928310386528756970e+00
2.179999999999997495e+00,-1.932662710913285675e+00
2.189999999999997282e+00,-1.936996174628373923e+00
2.199999999999997069e+00,-1.941310940433273124e+00
2.209999999999996856e+00,-1.945607168989472280e+00
2.219999999999996643e+00,-1.949885018896593492e+00
2.229999999999996430e+00,-1.954144646727523416e+00
2.239999999999996216e+00,-1.958386207062799755e+00
2.249999999999996003e+00,-1.962609852524271226e+00
2.259999999999995790e+00,-1.966815733808049638e+00
2.269999999999995577e+00,-1.971003999716772759e+00
2.279999999999995364e+00,-1.975174797191192599e+00
2.289999999999995151e+00,-1.979328271341109780e+00
2.299999999999994937e+00,-1.983464565475666630e+00
2.309999999999994724e+00,-1.987583821133016793e+00
2.319999999999994511e+00,-1.991686178109386418e+00
2.329999999999994298e+00,-1.995771774487541617e+00
2.339999999999994085e+00,-1.999840746664676816e+00
2.349999999999993872e+00,-2.003893229379737573e+00
2.359999999999993658e+00,-2.007929355740192712e+00
2.369999999999993445e+00,-2.011949257248267120e+00
2.379999999999993232e+00,-2.015953063826652070e+00
2.389999999999993019e+00,-2.019940903843699065e+00
2.399999999999992806e+00,-2.023912904138116087e+00
2.409999999999992593e+00,-2.027869190043174896e+00
2.419999999999992379e+00,-2.031809885410440497e+00
2.429999999999992166e+00,-2.035735112633036081e+00
2.439999999999991953e+00,-2.039644992668451451e+00
2.449999999999991740e+00,-2.043539645060909127e+00
2.459999999999991527e+00,-2.047419187963295695e+00
2.469999999999991314e+00,-2.051283738158669046e+00
2.479999999999991100e+00,-2.055133411081352612e+00
2.489999999999990887e+00,-2.058968320837624155e+00
2.499999999999990674e+00,-2.062788580226009305e+00
2.509999999999990461e+00,-2.066594300757190972e+00
2.519999999999990248e+00,-2.070385592673538167e+00
2.529999999999990035e+00,-2.074162564968268452e+00
2.539999999999989821e+00,-2.077925325404248902e+00
2.549999999999989608e+00,-2.081673980532444901e+00
2.559999999999989395e+00,-2.085408635710023884e+00
2.569999999999989182e+00,-2.089129395118123789e+00
2.579999999999988969e+00,-2.092836361779290666e+00
2.589999999999988756e+00,-2.096529637574593874e+00
2.599999999999988542e+00,-2.100209323260428196e+00
2.609999999999988329e+00,-2.103875518485007312e+00
2.619999999999988116e+00,-2.107528321804554405e+00
2.629999999999987903e+00,-2.111167830699201442e+00
2.639999999999987690e+00,-2.114794141588595799e+00
2.649999999999987477e+00,-2.118407349847229781e+00
2.659999999999987264e+00,-2.122007549819489913e+00
2.669999999999987050e+00,-2.125594834834438895e+00
2.679999999999986837e+00,-2.129169297220332879e+00
2.689999999999986624e+00,-2.132731028318879396e+00
2.699999999999986411e+00,-2.136280118499243041e+00
2.709999999999986198e+00,-2.139816657171802916e+00
2.719999999999985985e+00,-2.143340732801668924e+00
2.729999999999985771e+00,-2.146852432921958709e+00
2.739999999999985558e+00,-2.150351844146844549e+00
2.749999999999985345e+00,-2.153839052184370217e+00
2.759999999999985132e+00,-2.157314141849048461e+00
2.769999999999984919e+00,-2.160777197074236433e+00
2.779999999999984706e+00,-2.164228300924300630e+00
2.789999999999984492e+00,-2.167667535606571771e+00
2.799999999999984279e+00,-2.171094982483094515e+00
2.809999999999984066e+00,-2.174510722082175551e+00
2.819999999999983853e+00,-2.177914834109737630e+00
2.829999999999983640e+00,-2.181307397460478636e+00
2.839999999999983427e+00,-2.184688490228843705e+00
2.849999999999983213e+00,-2.188058189719811253e+00
2.859999999999983000e+00,-2.191416572459497836e+00
2.869999999999982787e+00,-2.194763714205587135e+00
2.879999999999982574e+00,-2.198099689957583092e+00
2.889999999999982361e+00,-2.201424573966893394e+00
2.899999999999982148e+00,-2.204738439746746437e+00
2.909999999999981934e+00,-2.208041360081943960e+00
2.919999999999981721e+00,-2.211333407038451604e+00
2.929999999999981508e+00,-2.214614651972835802e+00
2.939999999999981295e+00,-2.217885165541543024e+00
2.949999999999981082e+00,-2.221145017710028924e+00
2.959999999999980869e+00,-2.224394277761740035e+00
2.969999999999980655e+00,-2.227633014306948045e+00
2.979999999999980442e+00,-2.230861295291443724e+00
2.989999999999980229e+00,-2.234079188005088756e+00
2.999999999999980016e+00,-2.237286759090232113e+00
3.009999999999979803e+00,-2.240484074549991877e+00
3.019999999999979590e+00,-2.243671199756403833e+00
3.029999999999979376e+00,-2.246848199458440831e+00
3.039999999999979163e+00,-2.250015137789906472e+00
3.049999999999978950e+00,-2.253172078277202672e+00
3.059999999999978737e+00,-2.256319083846976881e+00
3.069999999999978524e+00,-2.259456216833646724e+00
3.079999999999978311e+00,-2.262583538986808751e+00
3.089999999999978098e+00,-2.265701111478532148e+00
3.099999999999977884e+00,-2.268808994910537002e+00
3.109999999999977671e+00,-2.271907249321264199e+00
3.119999999999977458e+00,-2.274995934192833413e+00
3.129999999999977245e+00,-2.278075108457895404e+00
3.139999999999977032e+00,-2.281144830506379506e+00
3.149999999999976819e+00,-2.284205158192136764e+00
3.159999999999976605e+00,-2.287256148839481806e+00
3.169999999999976392e+00,-2.290297859249636581e+00
3.179999999999976179e+00,-2.293330345707075058e+00
3.189999999999975966e+00,-2.296353663985772453e+00
3.199999999999975753e+00,-2.299367869355359417e+00
3.209999999999975540e+00,-2.302373016587186516e+00
3.219999999999975326e+00,-2.305369159960294123e+00
3.229999999999975113e+00,-2.308356353267295269e+00
3.239999999999974900e+00,-2.311334649820171450e+00
3.249999999999974687e+00,-2.314304102455980505e+00
3.259999999999974474e+00,-2.317264763542481454e+00
3.269999999999974261e+00,-2.320216684983675837e+00
3.279999999999974047e+00,-2.323159918225267795e+00
3.289999999999973834e+00,-2.326094514260042878e+00
3.299999999999973621e+00,-2.329020523633169582e+00
3.309999999999973408e+00,-2.331937996447423167e+00
3.319999999999973195e+00,-2.334846982368333101e+00
3.329999999999972982e+00,-2.337747530629256332e+00
3.339999999999972768e+00,-2.340639690036376397e+00
3.349999999999972555e+00,-2.343523508973631930e+00
3.359999999999972342e+00,-2.346399035407571887e+00
3.369999999999972129e+00,-2.349266316892144602e+00
3.379999999999971916e+00,-2.352125400573414904e+00
3.389999999999971703e+00,-2.354976333194215954e+00
3.399999999999971489e+00,-2.357819161098734906e+00
3.409999999999971276e+00,-2.360653930237032405e+00
3.419999999999971063e+00,-2.363480686169500355e+00
3.429999999999970850e+00,-2.366299474071253961e+00
3.439999999999970637e+00,-2.369110338736464261e+00
3.449999999999970424e+00,-2.371913324582629379e+00
3.459999999999970210e+00,-2.374708475654786266e+00
3.469999999999969997e+00,-2.377495835629662047e+00
3.479999999999969784e+00,-2.380275447819771184e+00
3.489999999999969571e+00,-2.383047355177452253e+00
3.499999999999969358e+00,-2.385811600298850088e+00
3.509999999999969145e+00,-2.388568225427845082e+00
3.519999999999968932e+00,-2.391317272459925203e+00
3.529999999999968718e+00,-2.394058782946006492e+00
3.539999999999968505e+00,-2.396792798096202937e+00
3.549999999999968292e+00,-2.399519358783541279e+00
3.559999999999968079e+00,-2.402238505547629188e+00
3.569999999999967866e+00,-2.404950278598270597e+00
3.579999999999967653e+00,-2.407654717819033952e+00
3.589999999999967439e+00,-2.410351862770772069e+00
3.599999999999967226e+00,-2.413041752695093578e+00
3.609999999999967013e+00,-2.415724426517789958e+00
3.619999999999966800e+00,-2.418399922852214168e+00
3.629999999999966587e+00,-2.421068280002616202e+00
3.639999999999966374e+00,-2.423729535967433346e+00
3.649999999999966160e+00,-2.426383728442536469e+00
3.659999999999965947e+00,-2.429030894824434572e+00
3.669999999999965734e+00,-2.431671072213435814e+00
3.679999999999965521e+00,-2.434304297416767238e+00
3.689999999999965308e+00,-2.436930606951654088e+00
3.699999999999965095e+00,-2.439550037048358266e+00
3.709999999999964881e+00,-2.442162623653176823e+00
3.719999999999964668e+00,-2.444768402431401810e+00
3.729999999999964455e+00,-2.447367408770242392e+00
3.739999999999964242e+00,-2.449959677781707867e+00
3.749999999999964029e+00,-2.452545244305452954e+00
3.759999999999963816e+00,-2.455124142911588869e+00
3.769999999999963602e+00,-2.457696407903455338e+00
3.779999999999963389e+00,-2.460262073320359733e+00
3.789999999999963176e+00,-2.462821172940278469e+00
3.799999999999962963e+00,-2.465373740282525983e+00
3.809999999999962750e+00,-2.467919808610388621e+00
3.819999999999962537e+00,-2.470459410933726563e+00
3.829999999999962323e+00,-2.472992580011540209e+00
3.839999999999962110e+00,-2.475519348354506377e+00
3.849999999999961897e+00,-2.478039748227482075e+00
3.859999999999961684e+00,-2.480553811651976304e+00
3.869999999999961471e+00,-2.483061570408590768e+00
3.879999999999961258e+00,-2.485563056039430396e+00
3.889999999999961044e+00,-2.488058299850484545e+00
3.899999999999960831e+00,-2.490547332913977119e+00
3.909999999999960618e+00,-2.493030186070688270e+00
3.919999999999960405e+00,-2.495506889932247230e+00
3.929999999999960192e+00,-2.497977474883397164e+00
3.939999999999959979e+00,-2.500441971084232051e+00
3.949999999999959766e+00,-2.502900408472404692e+00
3.959999999999959552e+00,-2.505352816765309854e+00
3.969999999999959339e+00,-2.507799225462238990e+00
3.979999999999959126e+00,-2.510239663846510094e+00
3.989999999999958913e+00,-2.512674160987570460e+00
3.999999999999958700e+00,-2.515102745743073687e+00
4.009999999999958931e+00,-2.517525446760932706e+00
4.019999999999958717e+00,-2.519942292481347934e+00
4.029999999999958504e+00,-2.522353311138809673e+00
4.039999999999958291e+00,-2.524758530764076969e+00
4.049999999999958078e+00,-2.527157979186134273e+00
4.059999999999957865e+00,-2.529551684034121894e+00
4.069999999999957652e+00,-2.531939672739246472e+00
4.079999999999957438e+00,-2.534321972536665690e+00
4.089999999999957225e+00,-2.536698610467352566e+00
4.099999999999957012e+00,-2.539069613379937529e+00
4.109999999999956799e+00,-2.541435007932527856e+00
4.119999999999956586e+00,-2.543794820594505790e+00
4.129999999999956373e+00,-2.546149077648306669e+00
4.139999999999956160e+00,-2.548497805191174415e+00
4.149999999999955946e+00,-2.550841029136897475e+00
4.159999999999955733e+00,-2.553178775217524787e+00
4.169999999999955520e+00,-2.555511068985060863e+00
4.179999999999955307e+00,-2.557837935813141783e+00
4.189999999999955094e+00,-2.560159400898690762e+00
4.199999999999954881e+00,-2.562475489263556838e+00
4.209999999999954667e+00,-2.564786225756131355e+00
4.219999999999954454e+00,-2.567091635052948462e+00
4.229999999999954241e+00,-2.569391741660266071e+00
4.239999999999954028e+00,-2.571686569915629050e+00
4.249999999999953815e+00,-2.573976143989414211e+00
4.259999999999953602e+00,-2.576260487886357531e+00
4.269999999999953388e+00,-2.578539625447064942e+00
4.279999999999953175e+00,-2.580813580349504921e+00
4.289999999999952962e+00,-2.583082376110483303e+00
4.299999999999952749e+00,-2.585346036087104338e+00
4.309999999999952536e+00,-2.587604583478212650e+00
4.319999999999952323e+00,-2.589858041325819649e+00
4.329999999999952109e+00,-2.592106432516514403e+00
4.339999999999951896e+00,-2.594349779782857635e+00
4.349999999999951683e+00,-2.596588105704761507e+00
4.359999999999951470e+00,-2.598821432710853419e+00
4.369999999999951257e+00,-2.601049783079823374e+00
4.379999999999951044e+00,-2.603273178941758026e+00
4.389999999999950830e+00,-2.605491642279460507e+00
4.399999999999950617e+00,-2.607705194929752501e+00
4.409999999999950404e+00,-2.609913858584765656e+00
4.419999999999950191e+00,-2.612117654793215671e+00
4.429999999999949978e+00,-2.614316604961664847e+00
4.439999999999949765e+00,-2.616510730355769532e+00
4.449999999999949551e+00,-2.618700052101512910e+00
4.459999999999949338e+00,-2.620884591186427137e+00
4.469999999999949125e+00,-2.623064368460799489e+00
4.479999999999948912e+00,-2.625239404638866958e+00
4.489999999999948699e+00,-2.627409720299996643e+00
4.499999999999948486e+00,-2.629575335889854593e+00
4.509999999999948272e+00,-2.631736271721561771e+00
4.519999999999948059e+00,-2.633892547976836696e+00
4.529999999999947846e+00,-2.636044184707126092e+00
4.539999999999947633e+00,-2.638191201834724886e+00
4.549999999999947420e+00,-2.640333619153881983e+00
4.559999999999947207e+00,-2.642471456331894952e+00
4.569999999999946994e+00,-2.644604732910194933e+00
4.579999999999946780e+00,-2.646733468305416004e+00
4.589999999999946567e+00,-2.648857681810457887e+00
4.599999999999946354e+00,-2.650977392595533999e+00
4.609999999999946141e+00,-2.653092619709209288e+00
4.619999999999945928e+00,-2.655203382079426966e+00
4.629999999999945715e+00,-2.657309698514526808e+00
4.639999999999945501e+00,-2.659411587704247903e+00
4.649999999999945288e+00,-2.661509068220726082e+00
4.659999999999945075e+00,-2.663602158519477570e+00
4.669999999999944862e+00,-2.665690876940372434e+00
4.679999999999944649e+00,-2.667775241708600475e+00
4.689999999999944436e+00,-2.669855270935624691e+00
4.699999999999944222e+00,-2.671930982620124517e+00
4.709999999999944009e+00,-2.674002394648932412e+00
4.719999999999943796e+00,-2.676069524797956678e+00
4.729999999999943583e+00,-2.678132390733097612e+00
4.739999999999943370e+00,-2.680191010011153452e+00
4.749999999999943157e+00,-2.682245400080716990e+00
4.759999999999942943e+00,-2.684295578283062422e+00
4.769999999999942730e+00,-2.686341561853024196e+00
4.779999999999942517e+00,-2.688383367919865652e+00
4.789999999999942304e+00,-2.690421013508140557e+00
4.799999999999942091e+00,-2.692454515538543980e+00
4.809999999999941878e+00,-2.694483890828755168e+00
4.819999999999941664e+00,-2.696509156094272441e+00
4.829999999999941451e+00,-2.698530327949240082e+00
4.839999999999941238e+00,-2.700547422907264572e+00
4.849999999999941025e+00,-2.702560457382225056e+00
4.859999999999940812e+00,-2.704569447689075368e+00
4.869999999999940599e+00,-2.706574410044635837e+00
4.879999999999940385e+00,-2.708575360568379331e+00
4.889999999999940172e+00,-2.710572315283209743e+00
4.899999999999939959e+00,-2.712565290116231154e+00
4.909999999999939746e+00,-2.714554300899508998e+00
4.919999999999939533e+00,-2.716539363370826798e+00
4.929999999999939320e+00,-2.718520493174432229e+00
4.939999999999939106e+00,-2.720497705861776083e+00
4.949999999999938893e+00,-2.722471016892245466e+00
4.959999999999938680e+00,-2.724440441633889876e+00
4.969999999999938467e+00,-2.726405995364138413e+00
4.979999999999938254e+00,-2.728367693270510319e+00
4.989999999999938041e+00,-2.730325550451320638e+00
4.999999999999937828e+00,-2.732279581916375655e+00
5.009999999999937614e+00,-2.734229802587665237e+00
5.019999999999937401e+00,-2.736176227300044506e+00
5.029999999999937188e+00,-2.738118870801913296e+00
5.039999999999936975e+00,-2.740057747755884066e+00
5.049999999999936762e+00,-2.741992872739448028e+00
5.059999999999936549e+00,-2.743924260245631963e+00
5.069999999999936335e+00,-2.745851924683648804e+00
5.079999999999936122e+00,-2.747775880379544233e+00
5.089999999999935909e+00,-2.749696141576833952e+00
5.099999999999935696e+00,-2.751612722437137837e+00
5.109999999999935483e+00,-2.753525637040804774e+00
5.119999999999935270e+00,-2.755434899387534831e+00
5.129999999999935056e+00,-2.757340523396993426e+00
5.139999999999934843e+00,-2.759242522909420181e+00
5.149999999999934630e+00,-2.761140911686232879e+00
5.159999999999934417e+00,-2.763035703410622990e+00
5.169999999999934204e+00,-2.764926911688149858e+00
5.179999999999933991e+00,-2.766814550047324683e+00
5.189999999999933777e+00,-2.768698631940192723e+00
5.199999999999933564e+00,-2.770579170742907937e+00
5.209999999999933351e+00,-2.772456179756301875e+00
5.219999999999933138e+00,-2.774329672206449882e+00
5.229999999999932925e+00,-2.776199661245228878e+00
5.239999999999932712e+00,-2.778066159950872471e+00
5.249999999999932498e+00,-2.779929181328518517e+00
5.259999999999932285e+00,-2.781788738310753573e+00
5.269999999999932072e+00,-2.783644843758151133e+00
5.279999999999931859e+00,-2.785497510459806314e+00
5.289999999999931646e+00,-2.787346751133862988e+00
5.299999999999931433e+00,-2.789192578428039138e+00
5.309999999999931219e+00,-2.791035004920144669e+00
5.319999999999931006e+00,-2.792874043118596994e+00
5.329999999999930793e+00,-2.794709705462928628e+00
5.339999999999930580e+00,-2.796542004324294339e+00
5.349999999999930367e+00,-2.798370952005969414e+00
5.359999999999930154e+00,-2.800196560743846597e+00
5.369999999999929940e+00,-2.802018842706926804e+00
5.379999999999929727e+00,-2.803837809997805852e+00
5.389999999999929514e+00,-2.805653474653156731e+00
5.399999999999929301e+00,-2.807465848644207451e+00
5.409999999999929088e+00,-2.809274943877214881e+00
5.419999999999928875e+00,-2.811080772193933264e+00
5.429999999999928662e+00,-2.812883345372080512e+00
5.439999999999928448e+00,-2.814682675125798728e+00
5.449999999999928235e+00,-2.816478773106109834e+00
5.459999999999928022e+00,-2.818271650901369885e+00
5.469999999999927809e+00,-2.820061320037716701e+00
5.479999999999927596e+00,-2.821847791979514408e+00
5.489999999999927383e+00,-2.823631078129794414e+00
5.499999999999927169e+00,-2.825411189830692837e+00
5.509999999999926956e+00,-2.827188138363881276e+00
5.519999999999926743e+00,-2.828961934950998458e+00
5.529999999999926530e+00,-2.830732590754073019e+00
5.539999999999926317e+00,-2.832500116875946716e+00
5.549999999999926104e+00,-2.834264524360690984e+00
5.559999999999925890e+00,-2.836025824194021716e+00
5.569999999999925677e+00,-2.837784027303709156e+00
5.579999999999925464e+00,-2.839539144559985129e+00
5.589999999999925251e+00,-2.841291186775946276e+00
5.599999999999925038e+00,-2.843040164707953288e+00
5.609999999999924825e+00,-2.844786089056027478e+00
5.619999999999924611e+00,-2.846528970464243358e+00
5.629999999999924398e+00,-2.848268819521118989e+00
5.639999999999924185e+00,-2.850005646760000122e+00
5.649999999999923972e+00,-2.851739462659443891e+00
5.659999999999923759e+00,-2.853470277643598951e+00
5.669999999999923546e+00,-2.855198102082579847e+00
5.679999999999923332e+00,-2.856922946292840493e+00
5.689999999999923119e+00,-2.858644820537544096e+00
5.699999999999922906e+00,-2.860363735026929977e+00
5.709999999999922693e+00,-2.862079699918675058e+00
5.719999999999922480e+00,-2.863792725318255794e+00
5.729999999999922267e+00,-2.865502821279304335e+00
5.739999999999922053e+00,-2.867209997803962906e+00
5.749999999999921840e+00,-2.868914264843235085e+00
5.759999999999921627e+00,-2.870615632297332631e+00
5.769999999999921414e+00,-2.872314110016022326e+00
5.779999999999921201e+00,-2.874009707798966584e+00
5.789999999999920988e+00,-2.875702435396063628e+00
5.799999999999920774e+00,-2.877392302507783217e+00
5.809999999999920561e+00,-2.879079318785501052e+00
5.819999999999920348e+00,-2.880763493831828281e+00
5.829999999999920135e+00,-2.882444837200941024e+00
5.839999999999919922e+00,-2.884123358398903658e+00
5.849999999999919709e+00,-2.885799066883993458e+00
5.859999999999919496e+00,-2.887471972067018555e+00
5.869999999999919282e+00,-2.889142083311635467e+00
5.879999999999919069e+00,-2.890809409934664842e+00
5.889999999999918856e+00,-2.892473961206401434e+00
5.899999999999918643e+00,-2.894135746350924965e+00
5.909999999999918430e+00,-2.895794774546405215e+00
5.919999999999918217e+00,-2.897451054925407998e+00
5.929999999999918003e+00,-2.899104596575195369e+00
5.939999999999917790e+00,-2.900755408538025382e+00
5.949999999999917577e+00,-2.902403499811448295e+00
5.959999999999917364e+00,-2.904048879348601897e+00
5.969999999999917151e+00,-2.905691556058501934e+00
5.979999999999916938e+00,-2.907331538806332993e+00
5.989999999999916724e+00,-2.908968836413734049e+00
5.999999999999916511e+00,-2.910603457659084015e+00
6.009999999999916298e+00,-2.912235411277784181e+00
6.019999999999916085e+00,-2.913864705962538437e+00
6.029999999999915872e+00,-2.915491350363630829e+00
6.039999999999915659e+00,-2.917115353089200891e+00
6.049999999999915445e+00,-2.918736722705517206e+00
6.059999999999915232e+00,-2.920355467737248301e+00
6.069999999999915019e+00,-2.921971596667732207e+00
6.079999999999914806e+00,-2.923585117939242473e+00
6.089999999999914593e+00,-2.925196039953253724e+00
6.099999999999914380e+00,-2.926804371070702349e+00
6.109999999999914166e+00,-2.928410119612248952e+00
6.119999999999913953e+00,-2.930013293858535484e+00
6.129999999999913740e+00,-2.931613902050441922e+00
6.139999999999913527e+00,-2.933211952389339405e+00
6.149999999999913314e+00,-2.934807453037343805e+00
6.159999999999913101e+00,-2.936400412117565306e+00
6.169999999999912887e+00,-2.937990837714356207e+00
6.179999999999912674e+00,-2.939578737873557390e+00
6.189999999999912461e+00,-2.941164120602742127e+00
6.199999999999912248e+00,-2.942746993871459438e+00
6.209999999999912035e+00,-2.944327365611473457e+00
6.219999999999911822e+00,-2.945905243717001909e+00
6.229999999999911608e+00,-2.947480636044953695e+00
6.239999999999911395e+00,-2.949053550415162483e+00
6.249999999999911182e+00,-2.950623994610620304e+00
6.259999999999910969e+00,-2.952191976377708027e+00
6.269999999999910756e+00,-2.953757503426425401e+00
6.279999999999910543e+00,-2.955320583430617543e+00
6.289999999999910330e+00,-2.956881224028202304e+00
6.299999999999910116e+00,-2.958439432821391879e+00
6.309999999999909903e+00,-2.959995217376917065e+00
6.319999999999909690e+00,-2.961548585226246644e+00
6.329999999999909477e+00,-2.963099543865805874e+00
6.339999999999909264e+00,-2.964648100757194982e+00
6.349999999999909051e+00,-2.966194263327403213e+00
6.359999999999908837e+00,-2.967738038969022885e+00
6.369999999999908624e+00,-2.969279435040461212e+00
6.379999999999908411e+00,-2.970818458866152145e+00
6.389999999999908198e+00,-2.972355117736762864e+00
6.399999999999907985e+00,-2.973889418909403393e+00
6.409999999999907772e+00,-2.975421369607830435e+00
6.419999999999907558e+00,-2.976950977022652545e+00
6.429999999999907345e+00,-2.978478248311531740e+00
6.439999999999907132e+00,-2.980003190599385565e+00
6.449999999999906919e+00,-2.981525810978585600e+00
6.459999999999906706e+00,-2.983046116509155521e+00
6.469999999999906493e+00,-2.984564114218967834e+00
6.479999999999906279e+00,-2.986079811103939274e+00
6.489999999999906066e+00,-2.987593214128222208e+00
6.499999999999905853e+00,-2.989104330224399586e+00
6.509999999999905640e+00,-2.990613166293672798e+00
6.519999999999905427e+00,-2.992119729206052625e+00
6.529999999999905214e+00,-2.993624025800546207e+00
6.539999999999905000e+00,-2.995126062885342666e+00
6.549999999999904787e+00,-2.996625847237999185e+00
6.559999999999904574e+00,-2.998123385605624414e+00
6.569999999999904361e+00,-2.999618684705059213e+00
6.579999999999904148e+00,-3.001111751223058732e+00
6.589999999999903935e+00,-3.002602591816471822e+00
6.599999999999903721e+00,-3.004091213112418224e+00
6.609999999999903508e+00,-3.005577621708466207e+00
6.619999999999903295e+00,-3.007061824172807096e+00
6.629999999999903082e+00,-3.008543827044430685e+00
6.639999999999902869e+00,-3.010023636833296656e+00
6.649999999999902656e+00,-3.011501260020507775e+00
6.659999999999902442e+00,-3.012976703058478201e+00
6.669999999999902229e+00,-3.014449972371104902e+00
6.679999999999902016e+00,-3.015921074353932863e+00
6.689999999999901803e+00,-3.017390015374323831e+00
6.699999999999901590e+00,-3.018856801771621079e+00
6.709999999999901377e+00,-3.020321439857312384e+00
6.719999999999901164e+00,-3.021783935915194785e+00
6.729999999999900950e+00,-3.023244296201535342e+00
6.739999999999900737e+00,-3.024702526945231451e+00
6.749999999999900524e+00,-3.026158634347971166e+00
6.759999999999900311e+00,-3.027612624584390399e+00
6.769999999999900098e+00,-3.029064503802231023e+00
6.779999999999899885e+00,-3.030514278122496297e+00
6.789999999999899671e+00,-3.031961953639605856e+00
6.799999999999899458e+00,-3.033407536421548922e+00
6.809999999999899245e+00,-3.034851032510037960e+00
6.819999999999899032e+00,-3.036292447920659221e+00
6.829999999999898819e+00,-3.037731788643023290e+00
6.839999999999898606e+00,-3.039169060640915188e+00
6.849999999999898392e+00,-3.040604269852441810e+00
6.859999999999898179e+00,-3.042037422190178919e+00
6.869999999999897966e+00,-3.043468523541318582e+00
6.879999999999897753e+00,-3.044897579767813056e+00
6.889999999999897540e+00,-3.046324596706519561e+00
6.899999999999897327e+00,-3.047749580169342831e+00
6.909999999999897113e+00,-3.049172535943376783e+00
6.919999999999896900e+00,-3.050593469791047063e+00
6.929999999999896687e+00,-3.052012387450249609e+00
6.939999999999896474e+00,-3.053429294634490088e+00
6.949999999999896261e+00,-3.054844197033022457e+00
6.959999999999896048e+00,-3.056257100310984853e+00
6.969999999999895834e+00,-3.057668010109536816e+00
6.979999999999895621e+00,-3.059076932045993846e+00
6.989999999999895408e+00,-3.060483871713961967e+00
6.999999999999895195e+00,-3.061888834683470506e+00
7.009999999999894982e+00,-3.063291826501104875e+00
7.019999999999894769e+00,-3.064692852690138025e+00
7.029999999999894555e+00,-3.066091918750660117e+00
7.039999999999894342e+00,-3.067489030159708641e+00
7.049999999999894129e+00,-3.068884192371396757e+00
7.059999999999893916e+00,-3.070277410817042085e+00
7.069999999999893703e+00,-3.071668690905292376e+00
7.079999999999893490e+00,-3.073058038022251637e+00
7.089999999999893276e+00,-3.074445457531606252e+00
7.099999999999893063e+00,-3.075830954774747550e+00
7.109999999999892850e+00,-3.077214535070896595e+00
7.119999999999892637e+00,-3.078596203717226309e+00
7.129999999999892424e+00,-3.079975965988982711e+00
7.139999999999892211e+00,-3.081353827139606594e+00
7.149999999999891998e+00,-3.082729792400852986e+00
7.159999999999891784e+00,-3.084103866982910169e+00
7.169999999999891571e+00,-3.085476056074518691e+00
7.179999999999891358e+00,-3.086846364843088164e+00
7.189999999999891145e+00,-3.088214798434814501e+00
7.199999999999890932e+00,-3.089581361974796270e+00
7.209999999999890719e+00,-3.090946060567148823e+00
7.219999999999890505e+00,-3.092308899295119318e+00
7.229999999999890292e+00,-3.093669883221200401e+00
7.239999999999890079e+00,-3.095029017387243009e+00
7.249999999999889866e+00,-3.096386306814568279e+00
7.259999999999889653e+00,-3.097741756504078570e+00
7.269999999999889440e+00,-3.099095371436368929e+00
7.279999999999889226e+00,-3.100447156571835450e+00
7.289999999999889013e+00,-3.101797116850785851e+00
7.299999999999888800e+00,-3.103145257193546946e+00
7.309999999999888587e+00,-3.104491582500572999e+00
7.319999999999888374e+00,-3.105836097652550976e+00
7.329999999999888161e+00,-3.107178807510508900e+00
7.339999999999887947e+00,-3.108519716915919329e+00
7.349999999999887734e+00,-3.109858830690805487e+00
7.359999999999887521e+00,-3.111196153637844297e+00
7.369999999999887308e+00,-3.112531690540470741e+00
7.379999999999887095e+00,-3.113865446162980000e+00
7.389999999999886882e+00,-3.115197425250628704e+00
7.399999999999886668e+00,-3.116527632529737968e+00
7.409999999999886455e+00,-3.117856072707792414e+00
7.419999999999886242e+00,-3.119182750473540544e+00
7.429999999999886029e+00,-3.120507670497094654e+00
7.439999999999885816e+00,-3.121830837430028538e+00
7.449999999999885603e+00,-3.123152255905476515e+00
7.459999999999885389e+00,-3.124471930538229802e+00
7.469999999999885176e+00,-3.125789865924833766e+00
7.479999999999884963e+00,-3.127106066643683846e+00
7.489999999999884750e+00,-3.128420537255120593e+00
7.499999999999884537e+00,-3.129733282301525588e+00
7.509999999999884324e+00,-3.131044306307414260e+00
7.519999999999884110e+00,-3.132353613779530033e+00
7.529999999999883897e+00,-3.133661209206938025e+00
7.539999999999883684e+00,-3.134967097061116093e+00
7.549999999999883471e+00,-3.136271281796047639e+00
7.559999999999883258e+00,-3.137573767848311768e+00
7.569999999999883045e+00,-3.138874559637174766e+00
7.579999999999882832e+00,-3.140173661564679808e+00
7.589999999999882618e+00,-3.141471078015735774e+00
7.599999999999882405e+00,-3.142766813358206512e+00
7.609999999999882192e+00,-3.144060871942999658e+00
7.619999999999881979e+00,-3.145353258104152783e+00
7.629999999999881766e+00,-3.146643976158922218e+00
7.639999999999881553e+00,-3.147933030407868316e+00
7.649999999999881339e+00,-3.149220425134942047e+00
7.659999999999881126e+00,-3.150506164607569826e+00
7.669999999999880913e+00,-3.151790253076739212e+00
7.679999999999880700e+00,-3.153072694777082852e+00
7.689999999999880487e+00,-3.154353493926961960e+00
7.699999999999880274e+00,-3.155632654728550257e+00
7.709999999999880060e+00,-3.156910181367916124e+00
7.719999999999879847e+00,-3.158186078015104759e+00
7.729999999999879634e+00,-3.159460348824219889e+00
7.739999999999879421e+00,-3.160732997933505928e+00
7.749999999999879208e+00,-3.162004029465427024e+00
7.759999999999878995e+00,-3.163273447526747884e+00
7.769999999999878781e+00,-3.164541256208613706e+00
7.779999999999878568e+00,-3.165807459586629236e+00
7.789999999999878355e+00,-3.167072061720936915e+00
7.799999999999878142e+00,-3.168335066656295052e+00
7.809999999999877929e+00,-3.169596478422155972e+00
7.819999999999877716e+00,-3.170856301032742408e+00
7.829999999999877502e+00,-3.172114538487124769e+00
7.839999999999877289e+00,-3.173371194769297521e+00
7.849999999999877076e+00,-3.174626273848253799e+00
7.859999999999876863e+00,-3.175879779678061343e+00
7.869999999999876650e+00,-3.177131716197937550e+00
7.879999999999876437e+00,-3.178382087332322747e+00
7.889999999999876223e+00,-3.179630896990955247e+00
7.899999999999876010e+00,-3.180878149068944172e+00
7.909999999999875797e+00,-3.182123847446841403e+00
7.919999999999875584e+00,-3.183367995990715293e+00
7.929999999999875371e+00,-3.184610598552222616e+00
7.939999999999875158e+00,-3.185851658968679168e+00
7.949999999999874944e+00,-3.187091181063132161e+00
7.959999999999874731e+00,-3.188329168644429057e+00
7.969999999999874518e+00,-3.189565625507289504e+00
7.979999999999874305e+00,-3.190800555432374619e+00
7.989999999999874092e+00,-3.192033962186356266e+00
7.999999999999873879e+00,-3.193265849521985444e+00
8.009999999999873666e+00,-3.194496221178162010e+00
8.019999999999873452e+00,-3.195725080880001734e+00
8.029999999999873239e+00,-3.196952432338903805e+00
8.039999999999873026e+00,-3.198178279252619216e+00
8.049999999999872813e+00,-3.199402625305316938e+00
8.059999999999872600e+00,-3.200625474167650086e+00
8.069999999999872387e+00,-3.201846829496822977e+00
8.079999999999872173e+00,-3.203066694936655079e+00
8.089999999999871960e+00,-3.204285074117647181e+00
8.099999999999871747e+00,-3.205501970657047117e+00
8.109999999999871534e+00,-3.206717388158912829e+00
8.119999999999871321e+00,-3.207931330214177201e+00
8.129999999999871108e+00,-3.209143800400710678e+00
8.139999999999870894e+00,-3.210354802283386100e+00
8.149999999999870681e+00,-3.211564339414139990e+00
8.159999999999870468e+00,-3.212772415332036502e+00
8.169999999999870255e+00,-3.213979033563328702e+00
8.179999999999870042e+00,-3.215184197621520301e+00
8.189999999999869829e+00,-3.216387911007427380e+00
8.199999999999869615e+00,-3.217590177209239677e+00
8.209999999999869402e+00,-3.218790999702580091e+00
8.219999999999869189e+00,-3.219990381950565972e+00
8.229999999999868976e+00,-3.221188327403869067e+00
8.239999999999868763e+00,-3.222384839500774589e+00
8.249999999999868550e+00,-3.223579921667240722e+00
8.259999999999868336e+00,-3.224773577316957685e+00
8.269999999999868123e+00,-3.225965809851405464e+00
8.279999999999867910e+00,-3.227156622659912433e+00
8.289999999999867697e+00,-3.228346019119713528e+00
8.299999999999867484e+00,-3.229534002596007092e+00
8.309999999999867271e+00,-3.230720576442012604e+00
8.319999999999867057e+00,-3.231905743999027081e+00
8.329999999999866844e+00,-3.233089508596481476e+00
8.339999999999866631e+00,-3.234271873551997079e+00
8.349999999999866418e+00,-3.235452842171441024e+00
8.359999999999866205e+00,-3.236632417748981805e+00
8.369999999999865992e+00,-3.237810603567144785e+00
8.379999999999865778e+00,-3.238987402896866374e+00
8.389999999999865565e+00,-3.240162818997549099e+00
8.399999999999865352e+00,-3.241336855117115334e+00
8.409999999999865139e+00,-3.242509514492061484e+00
8.419999999999864926e+00,-3.243680800347511273e+00
8.429999999999864713e+00,-3.244850715897269033e+00
8.439999999999864500e+00,-3.246019264343873001e+00
8.449999999999864286e+00,-3.247186448878646825e+00
8.459999999999864073e+00,-3.248352272681753306e+00
8.469999999999863860e+00,-3.249516738922245018e+00
8.479999999999863647e+00,-3.250679850758117162e+00
8.489999999999863434e+00,-3.251841611336357740e+00
8.499999999999863221e+00,-3.253002023793000408e+00
8.509999999999863007e+00,-3.254161091253173321e+00
8.519999999999862794e+00,-3.255318816831151096e+00
8.529999999999862581e+00,-3.256475203630404103e+00
8.539999999999862368e+00,-3.257630254743648646e+00
8.549999999999862155e+00,-3.258783973252896704e+00
8.559999999999861942e+00,-3.259936362229505225e+00
8.569999999999861728e+00,-3.261087424734225415e+00
8.579999999999861515e+00,-3.262237163817250707e+00
8.589999999999861302e+00,-3.263385582518266492e+00
8.599999999999861089e+00,-3.264532683866497642e+00
8.609999999999860876e+00,-3.265678470880756024e+00
8.619999999999860663e+00,-3.266822946569488462e+00
8.629999999999860449e+00,-3.267966113930825145e+00
8.639999999999860236e+00,-3.269107975952625367e+00
8.649999999999860023e+00,-3.270248535612525043e+00
8.659999999999859810e+00,-3.271387795877983340e+00
8.669999999999859597e+00,-3.272525759706328419e+00
8.679999999999859384e+00,-3.273662430044804061e+00
8.689999999999859170e+00,-3.274797809830615414e+00
8.699999999999858957e+00,-3.275931901990974282e+00
8.709999999999858744e+00,-3.277064709443144874e+00
8.719999999999858531e+00,-3.278196235094488653e+00
8.729999999999858318e+00,-3.279326481842508301e+00
8.739999999999858105e+00,-3.280455452574893460e+00
8.749999999999857891e+00,-3.281583150169564256e+00
8.759999999999857678e+00,-3.282709577494715258e+00
8.769999999999857465e+00,-3.283834737408859894e+00
8.779999999999857252e+00,-3.284958632760873520e+00
8.789999999999857039e+00,-3.286081266390036504e+00
8.799999999999856826e+00,-3.287202641126078184e+00
8.809999999999856612e+00,-3.288322759789218175e+00
8.819999999999856399e+00,-3.289441625190209884e+00
8.829999999999856186e+00,-3.290559240130383145e+00
8.839999999999855973e+00,-3.291675607401685522e+00
8.849999999999855760e+00,-3.292790729786724491e+00
8.859999999999855547e+00,-3.293904610058809190e+00
8.869999999999855333e+00,-3.295017250981991719e+00
8.879999999999855120e+00,-3.296128655311107991e+00
8.889999999999854907e+00,-3.297238825791819039e+00
8.899999999999854694e+00,-3.298347765160651868e+00
8.909999999999854481e+00,-3.299455476145038979e+00
8.919999999999854268e+00,-3.300561961463359673e+00
8.929999999999854055e+00,-3.301667223824980013e+00
8.939999999999853841e+00,-3.302771265930291467e+00
8.949999999999853628e+00,-3.303874090470751756e+00
8.959999999999853415e+00,-3.304975700128923943e+00
8.969999999999853202e+00,-3.306076097578515505e+00
8.979999999999852989e+00,-3.307175285484416971e+00
8.989999999999852776e+00,-3.308273266502740562e+00
8.999999999999852562e+00,-3.309370043280859708e+00
9.009999999999852349e+00,-3.310465618457446357e+00
9.019999999999852136e+00,-3.311559994662509165e+00
9.029999999999851923e+00,-3.312653174517431243e+00
9.039999999999851710e+00,-3.313745160635009235e+00
9.049999999999851497e+00,-3.314835955619488850e+00
9.059999999999851283e+00,-3.315925562066603050e+00
9.069999999999851070e+00,-3.317013982563609353e+00
9.079999999999850857e+00,-3.318101219689326253e+00
9.089999999999850644e+00,-3.319187276014170074e+00
9.099999999999850431e+00,-3.320272154100190942e+00
9.109999999999850218e+00,-3.321355856501110093e+00
9.119999999999850004e+00,-3.322438385762355395e+00
9.129999999999849791e+00,-3.323519744421096433e+00
9.139999999999849578e+00,-3.324599935006281370e+00
9.149999999999849365e+00,-3.325678960038672027e+00
9.159999999999849152e+00,-3.326756822030878968e+00
9.169999999999848939e+00,-3.327833523487396583e+00
9.179999999999848725e+00,-3.328909066904638614e+00
9.189999999999848512e+00,-3.329983454770971907e+00
9.199999999999848299e+00,-3.331056689566752382e+00
9.209999999999848086e+00,-3.332128773764357454e+00
9.219999999999847873e+00,-3.333199709828222002e+00
9.229999999999847660e+00,-3.334269500214871229e+00
9.239999999999847446e+00,-3.335338147372955309e+00
9.249999999999847233e+00,-3.336405653743281796e+00
9.259999999999847020e+00,-3.337472021758850715e+00
9.269999999999846807e+00,-3.338537253844886532e+00
9.279999999999846594e+00,-3.339601352418871461e+00
9.289999999999846381e+00,-3.340664319890578771e+00
9.299999999999846167e+00,-3.341726158662105650e+00
9.309999999999845954e+00,-3.342786871127905179e+00
9.319999999999845741e+00,-3.343846459674819194e+00
9.329999999999845528e+00,-3.344904926682110258e+00
9.339999999999845315e+00,-3.345962274521493640e+00
9.349999999999845102e+00,-3.347018505557169732e+00
9.359999999999844889e+00,-3.348073622145855133e+00
9.369999999999844675e+00,-3.349127626636814181e+00
9.379999999999844462e+00,-3.350180521371891373e+00
9.389999999999844249e+00,-3.351232308685541561e+00
9.399999999999844036e+00,-3.352282990904861038e+00
9.409999999999843823e+00,-3.353332570349618624e+00
9.419999999999843610e+00,-3.354381049332287201e+00
9.429999999999843396e+00,-3.355428430158072572e+00
9.439999999999843183e+00,-3.356474715124944996e+00
9.449999999999842970e+00,-3.357519906523669828e+00
9.459999999999842757e+00,-3.358564006637836830e+00
9.469999999999842544e+00,-3.359607017743889923e+00
9.479999999999842331e+00,-3.360648942111157833e+00
9.489999999999842117e+00,-3.361689782001883398e+00
9.499999999999841904e+00,-3.362729539671252432e+00
9.509999999999841691e+00,-3.363768217367423485e+00
9.519999999999841478e+00,-3.364805817331557591e+00
9.529999999999841265e+00,-3.365842341797846249e+00
9.539999999999841052e+00,-3.366877792993540730e+00
9.549999999999840838e+00,-3.367912173138981391e+00
9.559999999999840625e+00,-3.368945484447625205e+00
9.569999999999840412e+00,-3.369977729126074628e+00
9.579999999999840199e+00,-3.371008909374106022e+00
9.589999999999839986e+00,-3.372039027384697629e+00
9.599999999999839773e+00,-3.373068085344057554e+00
9.609999999999839559e+00,-3.374096085431652181e+00
9.619999999999839346e+00,-3.375123029820232379e+00
9.629999999999839133e+00,-3.376148920675862808e+00
9.639999999999838920e+00,-3.377173760157947680e+00
9.649999999999838707e+00,-3.378197550419259620e+00
9.659999999999838494e+00,-3.379220293605965875e+00
9.669999999999838280e+00,-3.380241991857655393e+00
9.679999999999838067e+00,-3.381262647307365921e+00
9.689999999999837854e+00,-3.382282262081610202e+00
9.699999999999837641e+00,-3.383300838300403068e+00
9.709999999999837428e+00,-3.384318378077288081e+00
9.719999999999837215e+00,-3.385334883519363292e+00
9.729999999999837001e+00,-3.386350356727307442e+00
9.739999999999836788e+00,-3.387364799795406611e+00
9.749999999999836575e+00,-3.388378214811579525e+00
9.759999999999836362e+00,-3.389390603857403317e+00
9.769999999999836149e+00,-3.390401969008139726e+00
9.779999999999835936e+00,-3.391412312332760415e+00
9.789999999999835723e+00,-3.392421635893971832e+00
9.799999999999835509e+00,-3.393429941748241419e+00
9.809999999999835296e+00,-3.394437231945822031e+00
9.819999999999835083e+00,-3.395443508530776811e+00
9.829999999999834870e+00,-3.396448773541004940e+00
9.839999999999834657e+00,-3.397453029008265624e+00
9.849999999999834444e+00,-3.398456276958202960e+00
9.859999999999834230e+00,-3.399458519410370361e+00
9.869999999999834017e+00,-3.400459758378255426e+00
9.879999999999833804e+00,-3.401459995869303921e+00
9.889999999999833591e+00,-3.402459233884943313e+00
9.899999999999833378e+00,-3.403457474420608087e+00
9.909999999999833165e+00,-3.404454719465761947e+00
9.919999999999832951e+00,-3.405450971003923577e+00
9.929999999999832738e+00,-3.406446231012688397e+00
9.939999999999832525e+00,-3.407440501463753879e+00
9.949999999999832312e+00,-3.408433784322941751e+00
9.959999999999832099e+00,-3.409426081550221532e+00
9.969999999999831886e+00,-3.410417395099734073e+00
9.979999999999831672e+00,-3.411407726919814642e+00
9.989999999999831459e+00,-3.412397078953015583e+00
9.999999999999831246e+00,-3.413385453136128955e+00
